{"objs":[{"name":"prisonBase","type":0,"id":239881,"src":"prisonBase","scl":[0.76847,0.76847,0.76847]},{"name":"table","type":0,"id":976569,"src":"table","pos":[-31.21351,0.93238,3.34659]},{"name":"benchRed","parent":"table","type":0,"id":115472,"src":"benchRed","pos":[0.0,0.49082,-1.75263]},{"name":"benchRed.001","parent":"table","type":0,"id":115556,"src":"benchRed","pos":[0.0,0.49082,1.75263]},{"name":"table.001","type":0,"id":976541,"src":"table","pos":[-31.21351,0.93238,-3.33479]},{"name":"benchRed.002","parent":"table.001","type":0,"id":115524,"src":"benchRed","pos":[0.0,0.49082,-1.75263]},{"name":"benchRed.003","parent":"table.001","type":0,"id":115522,"src":"benchRed","pos":[0.0,0.49082,1.75263]},{"name":"table.002","type":0,"id":976559,"src":"table","pos":[-19.32658,0.93238,3.34659]},{"name":"benchRed.004","parent":"table.002","type":0,"id":115552,"src":"benchRed","pos":[0.0,0.49082,-1.75263]},{"name":"benchRed.005","parent":"table.002","type":0,"id":115487,"src":"benchRed","pos":[0.0,0.49082,1.75263]},{"name":"table.003","type":0,"id":976535,"src":"table","pos":[-19.32658,0.93238,-3.33479]},{"name":"benchRed.006","parent":"table.003","type":0,"id":115561,"src":"benchRed","pos":[0.0,0.49082,-1.75263]},{"name":"benchRed.007","parent":"table.003","type":0,"id":115552,"src":"benchRed","pos":[0.0,0.49082,1.75263]},{"name":"table.004","type":0,"id":976584,"src":"table","pos":[-7.60258,0.93238,3.34659]},{"name":"benchRed.008","parent":"table.004","type":0,"id":115482,"src":"benchRed","pos":[0.0,0.49082,-1.75263]},{"name":"benchRed.009","parent":"table.004","type":0,"id":115485,"src":"benchRed","pos":[0.0,0.49082,1.75263]},{"name":"table.005","type":0,"id":976547,"src":"table","pos":[-7.60258,0.93238,-3.33479]},{"name":"benchRed.010","parent":"table.005","type":0,"id":115484,"src":"benchRed","pos":[0.0,0.49082,-1.75263]},{"name":"benchRed.011","parent":"table.005","type":0,"id":115473,"src":"benchRed","pos":[0.0,0.49082,1.75263]}],"atmos":{"ambCol":[202,182,182],"fogCol":[0,0,0],"fogD":0.05,"shadowCol":[0,0,0,255]}}