{"objs":[{"name":"prisonBase","type":0,"id":195067,"src":"prisonBase"},{"name":"classdA","parent":"prisonBase","type":0,"id":263700,"src":"classdA","rot":[-0.0,-180.0,-0.0],"scl":[0.16672,0.16672,0.16672]},{"name":"classdA.001","parent":"prisonBase","type":0,"id":263652,"src":"classdA","pos":[0.0,0.0,-3.14117],"scl":[0.16672,0.16672,0.16672]},{"name":"prop_static_75","parent":"prisonBase","type":0,"id":859071,"src":"prop_static_75","pos":[-11.92185,0.66928,3.94494],"rot":[-0.0,-0.0,-0.0],"scl":[0.04777,0.04777,0.04777]},{"name":"prop_static_75.001","parent":"prisonBase","type":0,"id":859053,"src":"prop_static_75","pos":[-11.92185,0.66928,0.05869],"rot":[-0.0,-0.0,-0.0],"scl":[0.04777,0.04777,0.04777]},{"name":"prop_static_75.002","parent":"prisonBase","type":0,"id":859043,"src":"prop_static_75","pos":[-11.92185,0.66928,-3.86677],"rot":[-0.0,-0.0,-0.0],"scl":[0.04777,0.04777,0.04777]}],"atmos":{"ambCol":[202,182,182],"fogCol":[0,0,0],"fogD":0.05,"shadowCol":[0,0,0,255],"sky":true}}